date,open,high,low,close,volume,top_fractal,bottom_fractal,fractal_price,pen_type,pen_start,pen_end,pen_id,pen_length_kline,pen_price_change,pen_price_ratio,segment_type,segment_start,segment_end,segment_id,segment_length_pen,segment_price_change,segment_price_ratio,central_bank,central_bank_id,central_bank_type,central_bank_high,central_bank_low,central_bank_mid,central_bank_length,central_bank_overlap_ratio,ema12,ema26,macd,macd_signal,macd_hist,tr1,tr2,tr3,tr,atr,divergence,divergence_indicator,divergence_strength,divergence_count,signal,signal_strength,signal_source,signal_level,signal_conditions,fractal_strength,divergence_strength_score,structure_match_score,stop_loss_price,stop_loss_type
2025-05-30,1.044,1.053,1.036,1.048,528524352,False,False,1.061,up,False,False,-1,0,0.0,0.0,,False,False,-1,0,0.0,0.0,False,-1,expand,1.211,1.181,1.1960000000000002,0,0.0,1.048,1.048,0.0,0.0,0.0,0.016999999999999904,0.0129999999999999,0.0050000000000001155,0.016999999999999904,0.01650000000000002,,,0.0,0,hold,0.0,,未定义级别,,0.0,0.0,0.0,,
2025-06-03,1.049,1.061,1.043,1.048,579511300,True,False,1.061,up,False,False,-1,0,0.0,0.0,,False,False,-1,0,0.0,0.0,False,-1,expand,1.211,1.181,1.1960000000000002,0,0.0,1.048,1.048,0.0,0.0,0.0,0.018000000000000016,0.0129999999999999,0.0050000000000001155,0.018000000000000016,0.01650000000000002,,,0.0,0,hold,0.0,,未定义级别,,0.0,0.0,0.0,,
2025-06-04,1.045,1.051,1.043,1.047,320873500,False,False,1.039,up,False,False,-1,0,0.0,0.0,,False,False,-1,0,0.0,0.0,False,-1,expand,1.211,1.181,1.1960000000000002,0,0.0,1.0478461538461539,1.047925925925926,-7.97720797720558e-05,-1.595441595441116e-05,-6.381766381764464e-05,0.008000000000000007,0.0029999999999998916,0.0050000000000001155,0.008000000000000007,0.01650000000000002,,,0.0,0,hold,0.0,,未定义级别,,0.0,0.0,0.0,,
2025-06-05,1.046,1.052,1.039,1.052,488589476,False,True,1.039,up,False,False,-1,0,0.0,0.0,,False,False,-1,0,0.0,0.0,False,-1,expand,1.211,1.181,1.1960000000000002,0,0.0,1.0484852071005917,1.0482277091906722,0.0002574979099194685,3.873604922036478e-05,0.00021876186069910375,0.013000000000000123,0.0050000000000001155,0.008000000000000007,0.013000000000000123,0.01650000000000002,,,0.0,0,hold,0.0,,未定义级别,,0.0,0.0,0.0,,
2025-06-06,1.053,1.062,1.046,1.047,488547500,False,False,1.073,up,False,False,-1,0,0.0,0.0,,False,False,-1,0,0.0,0.0,False,-1,expand,1.211,1.181,1.1960000000000002,0,0.0,1.0482567137005006,1.0481367677691409,0.00011994593135966625,5.4978025648225075e-05,6.496790571144118e-05,0.016000000000000014,0.010000000000000009,0.006000000000000005,0.016000000000000014,0.01650000000000002,,,0.0,0,hold,0.0,,未定义级别,,0.0,0.0,0.0,,
2025-06-09,1.052,1.073,1.052,1.062,610498600,True,False,1.073,up,False,False,-1,0,0.0,0.0,,False,False,-1,0,0.0,0.0,False,-1,expand,1.211,1.181,1.1960000000000002,0,0.0,1.0503710654388851,1.0491636738603156,0.0012073915785695277,0.00028546073623248564,0.0009219308423370421,0.020999999999999908,0.026000000000000023,0.0050000000000001155,0.026000000000000023,0.01650000000000002,,,0.0,0,hold,0.0,,未定义级别,,0.0,0.0,0.0,,
2025-06-10,1.061,1.061,1.036,1.045,588890357,False,True,1.036,up,False,False,-1,0,0.0,0.0,,False,False,-1,0,0.0,0.0,False,-1,expand,1.211,1.181,1.1960000000000002,0,0.0,1.0495447476790567,1.0488552535743663,0.0006894941046904357,0.0003662674099240757,0.00032322669476636003,0.02499999999999991,0.001000000000000112,0.026000000000000023,0.026000000000000023,0.01650000000000002,,,0.0,0,hold,0.0,,未定义级别,,0.0,0.0,0.0,,
2025-06-11,1.042,1.051,1.041,1.049,310540100,False,False,1.04,up,False,False,-1,0,0.0,0.0,,False,False,-1,0,0.0,0.0,False,-1,expand,1.211,1.181,1.1960000000000002,0,0.0,1.0494609403438173,1.0488659755318206,0.0005949648119967232,0.00041200689033860517,0.00018295792165811807,0.010000000000000009,0.006000000000000005,0.0040000000000000036,0.010000000000000009,0.01650000000000002,,,0.0,0,hold,0.0,,未定义级别,,0.0,0.0,0.0,,
2025-06-12,1.047,1.049,1.04,1.041,269400219,False,True,1.04,up,True,False,0,5,0.030000000000000027,0.028846153846153872,,False,False,-1,0,0.0,0.0,False,-1,expand,1.211,1.181,1.1960000000000002,0,0.0,1.0481592572139993,1.0482833106776117,-0.00012405346361243907,0.0003047948195483963,-0.0004288482831608354,0.008999999999999897,0.0,0.008999999999999897,0.008999999999999897,0.01650000000000002,,,0.0,0,hold,0.0,,未定义级别,,0.0,0.0,0.0,,
2025-06-13,1.049,1.06,1.041,1.056,749976200,True,False,1.06,up,False,False,0,5,0.030000000000000027,0.028846153846153872,,False,False,-1,0,0.0,0.0,False,-1,expand,1.211,1.181,1.1960000000000002,0,0.0,1.0493655253349226,1.0488549172940849,0.0005106080408376901,0.0003459574638062551,0.00016465057703143497,0.019000000000000128,0.019000000000000128,0.0,0.019000000000000128,0.01650000000000002,,,0.0,0,hold,0.0,,未定义级别,,0.0,0.0,0.0,,
2025-06-16,1.056,1.059,1.045,1.056,434833553,False,False,1.07,up,False,False,0,5,0.030000000000000027,0.028846153846153872,,False,False,-1,0,0.0,0.0,False,-1,expand,1.211,1.181,1.1960000000000002,0,0.0,1.0503862137449345,1.0493841826797083,0.0010020310652261166,0.00047717218409022743,0.0005248588811358892,0.014000000000000012,0.0029999999999998916,0.01100000000000012,0.014000000000000012,0.01650000000000002,,,0.0,0,hold,0.0,,未定义级别,,0.0,0.0,0.0,,
2025-06-17,1.055,1.059,1.045,1.055,392750189,False,False,1.07,up,False,False,0,5,0.030000000000000027,0.028846153846153872,,False,False,-1,0,0.0,0.0,False,-1,expand,1.211,1.181,1.1960000000000002,0,0.0,1.0510960270149445,1.049800169147878,0.001295857867066541,0.0006409093206854902,0.0006549485463810509,0.014000000000000012,0.0029999999999998916,0.01100000000000012,0.014000000000000012,0.01650000000000002,,,0.0,0,hold,0.0,,未定义级别,,0.0,0.0,0.0,,
2025-06-18,1.055,1.07,1.053,1.062,579940400,True,False,1.07,up,False,True,0,5,0.030000000000000027,0.028846153846153872,,False,False,-1,0,0.0,0.0,False,-1,expand,1.211,1.181,1.1960000000000002,0,0.0,1.0527735613203377,1.0507038603221093,0.002069700998228452,0.0009266676561940825,0.0011430333420343695,0.017000000000000126,0.015000000000000124,0.0020000000000000018,0.017000000000000126,0.01650000000000002,,,0.0,0,hold,0.0,,未定义级别,,0.0,0.0,0.0,,
2025-06-19,1.059,1.059,1.038,1.045,669910300,False,False,1.033,up,False,False,-1,0,0.0,0.0,,False,False,-1,0,0.0,0.0,False,-1,expand,1.211,1.181,1.1960000000000002,0,0.0,1.0515776288095164,1.050281352150101,0.0012962766594153408,0.0010005894568383342,0.0002956872025770066,0.020999999999999908,0.0030000000000001137,0.02400000000000002,0.02400000000000002,0.01650000000000002,,,0.0,0,hold,0.0,,未定义级别,,0.0,0.0,0.0,,
2025-06-20,1.043,1.043,1.033,1.034,510894342,False,True,1.033,up,True,False,1,8,0.1160000000000001,0.11229428848015499,,False,False,-1,0,0.0,0.0,False,-1,expand,1.211,1.181,1.1960000000000002,0,0.0,1.048873378223437,1.0490753260649084,-0.0002019478414714282,0.0007600819971763817,-0.0009620298386478099,0.010000000000000009,0.0020000000000000018,0.01200000000000001,0.01200000000000001,0.016142857142857174,,,0.0,0,hold,0.0,,未定义级别,,0.0,0.0,0.0,,
2025-06-23,1.036,1.053,1.034,1.051,551955830,False,False,1.112,up,False,False,1,8,0.1160000000000001,0.11229428848015499,,False,False,-1,0,0.0,0.0,False,-1,expand,1.211,1.181,1.1960000000000002,0,0.0,1.0492005508044466,1.0492178945045447,-1.7343700098093606e-05,0.0006045968577214867,-0.0006219405578195803,0.018999999999999906,0.018999999999999906,0.0,0.018999999999999906,0.016214285714285737,,,0.0,0,hold,0.0,,未定义级别,,0.0,0.0,0.0,,
2025-06-24,1.044,1.061,1.037,1.057,755798599,False,False,1.112,up,False,False,1,8,0.1160000000000001,0.11229428848015499,,False,False,-1,0,0.0,0.0,False,-1,expand,1.211,1.181,1.1960000000000002,0,0.0,1.050400466065301,1.0497943467634674,0.0006061193018336297,0.0006049013465439153,1.2179552897143833e-06,0.02400000000000002,0.010000000000000009,0.014000000000000012,0.02400000000000002,0.01735714285714288,,,0.0,0,hold,0.0,,未定义级别,,0.0,0.0,0.0,,
2025-06-25,1.056,1.091,1.056,1.091,1034802916,False,False,1.112,up,False,False,1,8,0.1160000000000001,0.11229428848015499,,False,False,-1,0,0.0,0.0,False,-1,expand,1.211,1.181,1.1960000000000002,0,0.0,1.0566465482091008,1.0528466173735809,0.0037999308355198824,0.0012439072443391089,0.0025560235911807738,0.03499999999999992,0.03400000000000003,0.0009999999999998899,0.03499999999999992,0.018928571428571437,,,0.0,0,hold,0.0,,未定义级别,,0.0,0.0,0.0,,
2025-06-26,1.094,1.112,1.09,1.091,962634709,True,False,1.112,up,False,False,1,8,0.1160000000000001,0.11229428848015499,,False,False,-1,0,0.0,0.0,False,-1,expand,1.211,1.181,1.1960000000000002,0,0.0,1.0619316946384698,1.0556727938644268,0.006258900774043008,0.002246905950279889,0.004011994823763119,0.02200000000000002,0.02100000000000013,0.0009999999999998899,0.02200000000000002,0.019357142857142868,,,0.0,0,hold,0.0,,未定义级别,,0.0,0.0,0.0,,
2025-06-27,1.092,1.11,1.09,1.099,710662136,False,False,1.149,up,False,False,1,8,0.1160000000000001,0.11229428848015499,,False,False,-1,0,0.0,0.0,False,-1,expand,1.211,1.181,1.1960000000000002,0,0.0,1.067634510847936,1.058882216541136,0.008752294306799913,0.003547983621583894,0.005204310685216019,0.020000000000000018,0.019000000000000128,0.0009999999999998899,0.020000000000000018,0.018928571428571437,,,0.0,0,hold,0.0,,未定义级别,,0.0,0.0,0.0,,
2025-06-30,1.105,1.148,1.104,1.147,970295294,False,False,1.149,up,False,False,1,8,0.1160000000000001,0.11229428848015499,,False,False,-1,0,0.0,0.0,False,-1,expand,1.211,1.181,1.1960000000000002,0,0.0,1.0798445861020998,1.0654094597603112,0.014435126341788562,0.005725412165624827,0.008709714176163735,0.04399999999999982,0.04899999999999993,0.0050000000000001155,0.04899999999999993,0.020571428571428574,,,0.0,0,hold,0.0,,未定义级别,,0.0,0.0,0.0,,
2025-07-01,1.147,1.149,1.13,1.143,1213411731,True,False,1.149,up,False,True,1,8,0.1160000000000001,0.11229428848015499,,False,False,-1,0,0.0,0.0,False,-1,expand,1.211,1.181,1.1960000000000002,0,0.0,1.0895608036248536,1.0711569071854732,0.01840389643938045,0.008261109020375954,0.010142787419004498,0.019000000000000128,0.0020000000000000018,0.017000000000000126,0.019000000000000128,0.021214285714285724,,,0.0,0,hold,0.0,,未定义级别,,0.0,0.0,0.0,,
2025-07-02,1.14,1.141,1.116,1.12,718397827,False,False,1.11,up,False,False,-1,0,0.0,0.0,,False,False,-1,0,0.0,0.0,False,-1,expand,1.211,1.181,1.1960000000000002,0,0.0,1.0942437569133376,1.0747749140606233,0.01946884285271433,0.010502655786843628,0.008966187065870702,0.02499999999999991,0.0020000000000000018,0.026999999999999913,0.026999999999999913,0.022500000000000013,,,0.0,0,hold,0.0,,未定义级别,,0.0,0.0,0.0,,
2025-07-03,1.119,1.136,1.115,1.124,504191100,False,False,1.11,up,False,False,-1,0,0.0,0.0,,False,False,-1,0,0.0,0.0,False,-1,expand,1.211,1.181,1.1960000000000002,0,0.0,1.0988216404651319,1.0784212167227993,0.02040042374233253,0.012482209377941408,0.007918214364391121,0.020999999999999908,0.015999999999999792,0.0050000000000001155,0.020999999999999908,0.022642857142857138,,,0.0,0,hold,0.0,,未定义级别,,0.0,0.0,0.0,,
2025-07-04,1.122,1.128,1.11,1.116,648772980,False,True,1.11,up,False,False,-1,0,0.0,0.0,,False,False,-1,0,0.0,0.0,False,-1,expand,1.211,1.181,1.1960000000000002,0,0.0,1.1014644650089578,1.0812048302988884,0.02025963471006942,0.014037694444367012,0.006221940265702407,0.017999999999999794,0.0039999999999997815,0.014000000000000012,0.017999999999999794,0.02292857142857141,bull,macd,1.0,1,buy,0.6,"fractal,divergence",一买,['MACD底背驰'],0.5,1.0,0.0,,recent_low
2025-07-07,1.116,1.122,1.111,1.118,331884746,False,False,1.135,up,False,False,-1,0,0.0,0.0,,False,False,-1,0,0.0,0.0,False,-1,expand,1.211,1.181,1.1960000000000002,0,0.0,1.104008393469118,1.0839303984248967,0.020077995044221364,0.015245754564337882,0.004832240479883482,0.01100000000000012,0.006000000000000005,0.0050000000000001155,0.01100000000000012,0.022714285714285704,,,0.0,0,hold,0.0,,未定义级别,,0.0,0.0,0.0,,
2025-07-08,1.118,1.126,1.114,1.125,652241196,False,False,1.135,up,False,False,-1,0,0.0,0.0,,False,False,-1,0,0.0,0.0,False,-1,expand,1.211,1.181,1.1960000000000002,0,0.0,1.107237871396946,1.0869725911341634,0.020265280262782515,0.01624965970402681,0.004015620558755706,0.011999999999999789,0.007999999999999785,0.0040000000000000036,0.011999999999999789,0.022357142857142822,,,0.0,0,hold,0.0,,未定义级别,,0.0,0.0,0.0,,
2025-07-09,1.126,1.135,1.113,1.116,558571900,True,False,1.135,up,False,False,-1,0,0.0,0.0,,False,False,-1,0,0.0,0.0,False,-1,expand,1.211,1.181,1.1960000000000002,0,0.0,1.1085858911820312,1.0891227695686698,0.01946312161336139,0.016892352085893726,0.002570769527467664,0.02200000000000002,0.010000000000000009,0.01200000000000001,0.02200000000000002,0.02221428571428568,,,0.0,0,hold,0.0,,未定义级别,,0.0,0.0,0.0,,
2025-07-10,1.113,1.117,1.101,1.113,662328744,False,True,1.101,up,False,False,-1,0,0.0,0.0,,False,False,-1,0,0.0,0.0,False,-1,expand,1.211,1.181,1.1960000000000002,0,0.0,1.109264984846334,1.090891453304324,0.018373531542010157,0.017188587977117014,0.0011849435648931435,0.016000000000000014,0.0009999999999998899,0.015000000000000124,0.016000000000000014,0.022499999999999964,,,0.0,0,hold,0.0,,未定义级别,,0.0,0.0,0.0,,
2025-07-11,1.111,1.132,1.111,1.128,666042551,True,False,1.132,up,False,False,-1,0,0.0,0.0,,False,False,-1,0,0.0,0.0,False,-1,expand,1.211,1.181,1.1960000000000002,0,0.0,1.1121472948699749,1.0936402345410408,0.018507060328934122,0.017452282447480438,0.0010547778814536841,0.020999999999999908,0.018999999999999906,0.0020000000000000018,0.020999999999999908,0.022642857142857107,,,0.0,0,hold,0.0,,未定义级别,,0.0,0.0,0.0,,
2025-07-14,1.128,1.131,1.121,1.123,361225149,False,False,1.111,up,False,False,-1,0,0.0,0.0,,False,False,-1,0,0.0,0.0,False,-1,expand,1.211,1.181,1.1960000000000002,0,0.0,1.1138169418130557,1.0958150319824451,0.018001909830610563,0.01756220792410646,0.0004397019065041016,0.010000000000000009,0.0030000000000001137,0.006999999999999895,0.010000000000000009,0.021642857142857106,,,0.0,0,hold,0.0,,未定义级别,,0.0,0.0,0.0,,
2025-07-15,1.121,1.127,1.111,1.119,511833729,False,True,1.111,up,True,False,2,6,0.06899999999999995,0.062106210621062065,,False,False,-1,0,0.0,0.0,False,-1,expand,1.211,1.181,1.1960000000000002,0,0.0,1.114614335380278,1.0975324370207824,0.017081898359495584,0.017466146011184285,-0.0003842476516887003,0.016000000000000014,0.0040000000000000036,0.01200000000000001,0.016000000000000014,0.020285714285714258,,,0.0,0,hold,0.0,,未定义级别,,0.0,0.0,0.0,,
2025-07-16,1.117,1.124,1.113,1.118,435227700,False,False,1.18,up,False,False,2,6,0.06899999999999995,0.062106210621062065,,False,False,-1,0,0.0,0.0,False,-1,expand,1.211,1.181,1.1960000000000002,0,0.0,1.1151352068602352,1.0990485527970209,0.0160866540632143,0.01719024762159029,-0.0011035935583759877,0.01100000000000012,0.0050000000000001155,0.006000000000000005,0.01100000000000012,0.01949999999999998,,,0.0,0,hold,0.0,,未定义级别,,0.0,0.0,0.0,,
2025-07-17,1.117,1.146,1.115,1.145,1045204787,False,False,1.18,up,False,False,2,6,0.06899999999999995,0.062106210621062065,,False,False,-1,0,0.0,0.0,False,-1,expand,1.211,1.181,1.1960000000000002,0,0.0,1.119729790420199,1.1024523637009453,0.017277426719253697,0.017207683441122973,6.97432781307239e-05,0.030999999999999917,0.027999999999999803,0.0030000000000001137,0.030999999999999917,0.020285714285714258,,,0.0,0,hold,0.0,,未定义级别,,0.0,0.0,0.0,,
2025-07-18,1.145,1.158,1.142,1.155,792271752,False,False,1.18,up,False,False,2,6,0.06899999999999995,0.062106210621062065,,False,False,-1,0,0.0,0.0,False,-1,expand,1.211,1.181,1.1960000000000002,0,0.0,1.1251559765093992,1.106344781204579,0.018811195304820227,0.017528385813862426,0.0012828094909578015,0.016000000000000014,0.0129999999999999,0.0030000000000001137,0.016000000000000014,0.017928571428571405,,,0.0,0,hold,0.0,,未定义级别,,0.0,0.0,0.0,,
2025-07-21,1.156,1.169,1.155,1.168,662552852,False,False,1.18,up,False,False,2,6,0.06899999999999995,0.062106210621062065,,False,False,-1,0,0.0,0.0,False,-1,expand,1.211,1.181,1.1960000000000002,0,0.0,1.1317473647387224,1.1109118344486841,0.020835530290038262,0.018189814709097592,0.0026457155809406704,0.014000000000000012,0.014000000000000012,0.0,0.014000000000000012,0.01757142857142854,,,0.0,0,hold,0.0,,未定义级别,,0.0,0.0,0.0,,
2025-07-22,1.168,1.18,1.16,1.168,646500931,True,False,1.18,up,False,True,2,6,0.06899999999999995,0.062106210621062065,,False,False,-1,0,0.0,0.0,False,-1,expand,1.211,1.181,1.1960000000000002,0,0.0,1.1373246932404573,1.1151405874524853,0.02218410578797192,0.018988672924872458,0.0031954328630994615,0.020000000000000018,0.01200000000000001,0.008000000000000007,0.020000000000000018,0.017071428571428546,,,0.0,0,hold,0.0,,未定义级别,,0.0,0.0,0.0,,
2025-07-23,1.164,1.164,1.149,1.153,750347703,False,True,1.149,up,True,False,3,6,0.06699999999999995,0.05831157528285461,,False,False,-1,0,0.0,0.0,False,-1,expand,1.211,1.181,1.1960000000000002,0,0.0,1.1397362788957714,1.1179449883819308,0.021791290513840655,0.019549196442666096,0.0022420940711745593,0.014999999999999902,0.0040000000000000036,0.018999999999999906,0.018999999999999906,0.016928571428571404,bull,macd,1.0,2,buy,0.6,"fractal,divergence",一买,['MACD底背驰'],0.6,1.0,0.0,,recent_low
2025-07-24,1.151,1.175,1.151,1.174,899110772,False,False,1.216,up,False,False,3,6,0.06699999999999995,0.05831157528285461,,False,False,-1,0,0.0,0.0,False,-1,expand,1.211,1.181,1.1960000000000002,0,0.0,1.1450076206041144,1.1220972114647507,0.022910409139363708,0.020221438982005617,0.0026889701573580907,0.02400000000000002,0.02200000000000002,0.0020000000000000018,0.02400000000000002,0.01735714285714285,,,0.0,0,hold,0.0,,未定义级别,,0.0,0.0,0.0,,
2025-07-25,1.174,1.175,1.163,1.174,540260849,False,False,1.216,up,False,False,3,6,0.06699999999999995,0.05831157528285461,,False,False,-1,0,0.0,0.0,False,-1,expand,1.211,1.181,1.1960000000000002,0,0.0,1.14946798666502,1.1259418624673618,0.023526124197658094,0.020882376025136113,0.0026437481725219807,0.01200000000000001,0.001000000000000112,0.010999999999999899,0.01200000000000001,0.01742857142857141,,,0.0,0,hold,0.0,,未定义级别,,0.0,0.0,0.0,,
2025-07-28,1.174,1.194,1.173,1.192,677966266,False,False,1.216,up,False,False,3,6,0.06699999999999995,0.05831157528285461,,False,False,-1,0,0.0,0.0,False,-1,expand,1.211,1.181,1.1960000000000002,0,0.0,1.15601137333194,1.1308350578401498,0.025176315491790113,0.021741163918466914,0.003435151573323199,0.020999999999999908,0.020000000000000018,0.0009999999999998899,0.020999999999999908,0.018071428571428565,,,0.0,0,hold,0.0,,未定义级别,,0.0,0.0,0.0,,
2025-07-29,1.188,1.206,1.183,1.205,664339476,False,False,1.216,up,False,False,3,6,0.06699999999999995,0.05831157528285461,,False,False,-1,0,0.0,0.0,False,-1,expand,1.211,1.181,1.1960000000000002,0,0.0,1.1635480851270261,1.136328757259398,0.02721932786762804,0.02283679670829914,0.004382531159328899,0.02299999999999991,0.014000000000000012,0.008999999999999897,0.02299999999999991,0.018142857142857127,,,0.0,0,hold,0.0,,未定义级别,,0.0,0.0,0.0,,
2025-07-30,1.204,1.216,1.176,1.188,890336652,True,False,1.216,up,False,True,3,6,0.06699999999999995,0.05831157528285461,,False,False,-1,0,0.0,0.0,False,-1,expand,1.211,1.181,1.1960000000000002,0,0.0,1.1673099181844067,1.140156256721665,0.027153661462741674,0.02370016965918765,0.003453491803554025,0.040000000000000036,0.010999999999999899,0.029000000000000137,0.040000000000000036,0.019857142857142844,,,0.0,0,hold,0.0,,未定义级别,,0.0,0.0,0.0,,
2025-07-31,1.183,1.196,1.175,1.186,837556959,False,False,1.161,up,False,False,-1,0,0.0,0.0,,False,False,-1,0,0.0,0.0,False,-1,expand,1.211,1.181,1.1960000000000002,0,0.0,1.1701853153868056,1.1435520895570972,0.026633225829708396,0.0242867808932918,0.0023464449364165967,0.020999999999999908,0.008000000000000007,0.0129999999999999,0.020999999999999908,0.019857142857142844,,,0.0,0,hold,0.0,,未定义级别,,0.0,0.0,0.0,,
2025-08-01,1.182,1.183,1.162,1.167,787499850,False,False,1.161,up,False,False,-1,0,0.0,0.0,,False,False,-1,0,0.0,0.0,False,-1,expand,1.211,1.181,1.1960000000000002,0,0.0,1.1696952668657585,1.145288971812127,0.024406295053631455,0.02431068372535973,9.56113282717247e-05,0.02100000000000013,0.0029999999999998916,0.02400000000000002,0.02400000000000002,0.020857142857142845,,,0.0,0,hold,0.0,,未定义级别,,0.0,0.0,0.0,,
2025-08-04,1.162,1.199,1.161,1.199,1064517022,False,True,1.161,up,True,False,4,6,0.08600000000000008,0.07407407407407414,,False,False,-1,0,0.0,0.0,False,-1,expand,1.211,1.181,1.1960000000000002,0,0.0,1.1742036873479496,1.1492675664927103,0.02493612085523922,0.02443577115133563,0.0005003497039035888,0.038000000000000034,0.03200000000000003,0.006000000000000005,0.038000000000000034,0.022428571428571416,,,0.0,0,hold,0.0,,未定义级别,,0.0,0.0,0.0,,
2025-08-05,1.204,1.218,1.198,1.205,772562179,False,False,1.256,up,False,False,4,6,0.08600000000000008,0.07407407407407414,,False,False,-1,0,0.0,0.0,False,-1,expand,1.211,1.181,1.1960000000000002,0,0.0,1.1789415816021112,1.1533958949006577,0.025545686701453407,0.024657754261359185,0.0008879324400942225,0.020000000000000018,0.018999999999999906,0.001000000000000112,0.020000000000000018,0.023071428571428552,,,0.0,0,hold,0.0,,未定义级别,,0.0,0.0,0.0,,
2025-08-06,1.205,1.247,1.202,1.247,1408785933,False,False,1.256,up,False,False,4,6,0.08600000000000008,0.07407407407407414,,False,False,-1,0,0.0,0.0,False,-1,expand,1.211,1.181,1.1960000000000002,0,0.0,1.1894121075094786,1.160329532315424,0.02908257519405466,0.02554271844789828,0.0035398567461563807,0.04500000000000015,0.04200000000000004,0.0030000000000001137,0.04500000000000015,0.02407142857142857,,,0.0,0,hold,0.0,,未定义级别,,0.0,0.0,0.0,,
2025-08-07,1.251,1.256,1.23,1.238,1058438097,True,False,1.256,up,False,False,4,6,0.08600000000000008,0.07407407407407414,,False,False,-1,0,0.0,0.0,False,-1,expand,1.211,1.181,1.1960000000000002,0,0.0,1.1968871678926356,1.1660829002920592,0.030804267600576418,0.02659502827843391,0.004209239322142507,0.026000000000000023,0.008999999999999897,0.017000000000000126,0.026000000000000023,0.024785714285714282,,,0.0,0,hold,0.0,,未定义级别,,0.0,0.0,0.0,,
2025-08-08,1.232,1.246,1.23,1.234,687970470,False,False,1.247,up,False,False,4,6,0.08600000000000008,0.07407407407407414,,False,False,-1,0,0.0,0.0,False,-1,expand,1.211,1.181,1.1960000000000002,0,0.0,1.2025968343706916,1.1711137965667215,0.031483037803970104,0.027572630183541152,0.003910407620428952,0.016000000000000014,0.008000000000000007,0.008000000000000007,0.016000000000000014,0.02492857142857143,,,0.0,0,hold,0.0,,未定义级别,,0.0,0.0,0.0,,
2025-08-11,1.234,1.247,1.231,1.241,589069817,True,False,1.247,up,False,True,4,6,0.08600000000000008,0.07407407407407414,,False,False,-1,0,0.0,0.0,False,-1,expand,1.211,1.181,1.1960000000000002,0,0.0,1.2085050136982776,1.176290552376594,0.032214461321683485,0.02850099641116962,0.0037134649105138653,0.016000000000000014,0.013000000000000123,0.0029999999999998916,0.016000000000000014,0.02464285714285714,,,0.0,0,hold,0.0,,未定义级别,,0.0,0.0,0.0,,
2025-08-12,1.241,1.243,1.22,1.234,773640641,False,True,1.22,down,False,False,-1,0,0.0,0.0,,False,False,-1,0,0.0,0.0,False,-1,expand,1.211,1.181,1.1960000000000002,0,0.0,1.2124273192831578,1.180565326274624,0.03186199300853376,0.02917319573064245,0.002688797277891314,0.02300000000000013,0.0020000000000000018,0.02100000000000013,0.02300000000000013,0.024928571428571442,,,0.0,0,hold,0.0,,未定义级别,,0.0,0.0,0.0,,
2025-08-13,1.232,1.252,1.232,1.25,1117740230,False,False,1.256,down,False,False,-1,0,0.0,0.0,,False,False,-1,0,0.0,0.0,False,-1,expand,1.211,1.181,1.1960000000000002,0,0.0,1.2182077317011335,1.1857086354394668,0.03249909626166669,0.0298383758368473,0.0026607204248193933,0.020000000000000018,0.018000000000000016,0.0020000000000000018,0.020000000000000018,0.024642857142857157,,,0.0,0,hold,0.0,,未定义级别,,0.0,0.0,0.0,,
2025-08-14,1.25,1.256,1.225,1.229,1332341848,True,False,1.256,down,True,False,5,5,-0.020999999999999908,0.016719745222929863,,False,False,-1,0,0.0,0.0,False,-1,expand,1.211,1.181,1.1960000000000002,0,0.0,1.21986808067019,1.1889154031846916,0.03095267748549846,0.030061236166577535,0.0008914413189209242,0.030999999999999917,0.006000000000000005,0.02499999999999991,0.030999999999999917,0.026000000000000006,,,0.0,0,hold,0.0,,未定义级别,,0.0,0.0,0.0,,
2025-08-15,1.224,1.243,1.222,1.243,817696236,False,True,1.222,down,False,False,5,5,-0.020999999999999908,0.016719745222929863,,False,False,-1,0,0.0,0.0,False,-1,expand,1.211,1.181,1.1960000000000002,0,0.0,1.223426837490161,1.192921669615455,0.03050516787470592,0.030150022508203214,0.00035514536650270434,0.02100000000000013,0.014000000000000012,0.007000000000000117,0.02100000000000013,0.026000000000000023,,,0.0,0,hold,0.0,,未定义级别,,0.0,0.0,0.0,,
2025-08-18,1.246,1.272,1.246,1.27,1005694627,False,False,1.235,down,False,False,5,5,-0.020999999999999908,0.016719745222929863,,False,False,-1,0,0.0,0.0,False,-1,expand,1.211,1.181,1.1960000000000002,0,0.0,1.2305919394147515,1.1986311755698655,0.031960763844886,0.030512170775539773,0.0014485930693462247,0.026000000000000023,0.028999999999999915,0.0029999999999998916,0.028999999999999915,0.02642857142857145,,,0.0,0,hold,0.0,,未定义级别,,0.0,0.0,0.0,,
2025-08-19,1.271,1.272,1.245,1.248,1083463092,False,False,1.235,down,False,False,5,5,-0.020999999999999908,0.016719745222929863,,False,False,-1,0,0.0,0.0,False,-1,expand,1.211,1.181,1.1960000000000002,0,0.0,1.2332701025817128,1.2022881255276534,0.030981977054059362,0.03060613203124369,0.0003758450228156726,0.026999999999999913,0.0020000000000000018,0.02499999999999991,0.026999999999999913,0.025500000000000016,,,0.0,0,hold,0.0,,未定义级别,,0.0,0.0,0.0,,
2025-08-20,1.244,1.258,1.235,1.257,1029413359,False,True,1.235,up,True,True,6,6,0.07099999999999995,0.05748987854251008,,False,False,-1,0,0.0,0.0,False,-1,expand,1.211,1.181,1.1960000000000002,0,0.0,1.2369208560306801,1.2063408569700496,0.03057999906063058,0.03060090543712107,-2.090637649048918e-05,0.02299999999999991,0.010000000000000009,0.0129999999999999,0.02299999999999991,0.025642857142857158,,,0.0,0,hold,0.0,,未定义级别,,0.0,0.0,0.0,,
2025-08-21,1.257,1.261,1.242,1.249,860030722,False,False,1.305,up,False,False,6,6,0.07099999999999995,0.05748987854251008,,False,False,-1,0,0.0,0.0,False,-1,expand,1.211,1.181,1.1960000000000002,0,0.0,1.238779185872114,1.2095007934907867,0.029278392381327345,0.030336402825962325,-0.0010580104446349797,0.018999999999999906,0.0040000000000000036,0.014999999999999902,0.018999999999999906,0.025285714285714293,,,0.0,0,hold,0.0,,未定义级别,,0.0,0.0,0.0,,
2025-08-22,1.249,1.28,1.242,1.279,1004447767,False,False,1.305,up,False,False,6,6,0.07099999999999995,0.05748987854251008,,False,False,-1,0,0.0,0.0,False,-1,expand,1.211,1.181,1.1960000000000002,0,0.0,1.2449670034302502,1.2146488828618396,0.030318120568410656,0.03033274637445199,-1.4625806041335121e-05,0.038000000000000034,0.030999999999999917,0.007000000000000117,0.038000000000000034,0.025285714285714293,,,0.0,0,hold,0.0,,未定义级别,,0.0,0.0,0.0,,
2025-08-25,1.282,1.305,1.277,1.304,1177240089,True,False,1.305,up,False,False,6,6,0.07099999999999995,0.05748987854251008,,False,False,-1,0,0.0,0.0,False,-1,expand,1.211,1.181,1.1960000000000002,0,0.0,1.2540490029025195,1.221267484131333,0.032781518771186624,0.03082250085379892,0.0019590179173877044,0.028000000000000025,0.026000000000000023,0.0020000000000000018,0.028000000000000025,0.025857142857142863,,,0.0,0,hold,0.0,,未定义级别,,0.0,0.0,0.0,,
2025-08-26,1.302,1.304,1.29,1.295,634606993,False,False,1.306,up,False,False,6,6,0.07099999999999995,0.05748987854251008,,False,False,-1,0,0.0,0.0,False,-1,expand,1.211,1.181,1.1960000000000002,0,0.0,1.260349156302132,1.2267291519734564,0.03362000432867562,0.03138200154877426,0.0022380027799013616,0.014000000000000012,0.0,0.014000000000000012,0.014000000000000012,0.02364285714285714,,,0.0,0,hold,0.0,,未定义级别,,0.0,0.0,0.0,,
2025-08-27,1.293,1.306,1.271,1.272,1009926669,True,False,1.306,up,False,True,6,6,0.07099999999999995,0.05748987854251008,,False,False,-1,0,0.0,0.0,False,-1,expand,1.211,1.181,1.1960000000000002,0,0.0,1.2621415937941116,1.2300825481235709,0.03205904567054074,0.03151741037312756,0.000541635297413183,0.03500000000000014,0.01100000000000012,0.02400000000000002,0.03500000000000014,0.024285714285714292,,,0.0,0,hold,0.0,,未定义级别,,0.0,0.0,0.0,,
2025-08-28,1.275,1.299,1.252,1.299,1150637867,False,True,1.252,up,False,False,-1,0,0.0,0.0,,False,False,-1,0,0.0,0.0,False,-1,expand,1.211,1.181,1.1960000000000002,0,0.0,1.2678121178257866,1.2351875445588618,0.032624573266924806,0.03173884295188701,0.0008857303150377957,0.04699999999999993,0.026999999999999913,0.020000000000000018,0.04699999999999993,0.0265,bull,macd,1.0,3,buy,0.64,"fractal,divergence",一买,['MACD底背驰'],0.8,1.0,0.0,,recent_low
2025-08-29,1.297,1.311,1.288,1.311,1259029858,False,False,1.313,up,False,False,-1,0,0.0,0.0,,False,False,-1,0,0.0,0.0,False,-1,expand,1.211,1.181,1.1960000000000002,0,0.0,1.27445640739105,1.240803281998946,0.033653125392103966,0.0321216994399304,0.0015314259521735651,0.02299999999999991,0.01200000000000001,0.010999999999999899,0.02299999999999991,0.026999999999999993,,,0.0,0,hold,0.0,,未定义级别,,0.0,0.0,0.0,,
2025-09-01,1.312,1.313,1.284,1.307,1159379599,True,False,1.313,up,False,False,-1,0,0.0,0.0,,False,False,-1,0,0.0,0.0,False,-1,expand,1.211,1.181,1.1960000000000002,0,0.0,1.279463113946273,1.2457067425916168,0.033756371354656256,0.03244863382287558,0.0013077375317806783,0.028999999999999915,0.0020000000000000018,0.026999999999999913,0.028999999999999915,0.027428571428571406,,,0.0,0,hold,0.0,,未定义级别,,0.0,0.0,0.0,,
2025-09-02,1.306,1.306,1.257,1.274,1440131417,False,False,1.148,up,False,False,-1,0,0.0,0.0,,False,False,-1,0,0.0,0.0,False,-1,expand,1.211,1.181,1.1960000000000002,0,0.0,1.2786226348776157,1.2478025394366823,0.030820095440933448,0.03212292614648715,-0.0013028307055537036,0.049000000000000155,0.0009999999999998899,0.050000000000000044,0.050000000000000044,0.02957142857142855,,,0.0,0,hold,0.0,,未定义级别,,0.0,0.0,0.0,,
2025-09-03,1.278,1.281,1.197,1.202,2063231416,False,False,1.148,up,False,False,-1,0,0.0,0.0,,False,False,-1,0,0.0,0.0,False,-1,expand,1.211,1.181,1.1960000000000002,0,0.0,1.2668345372041365,1.2444097587376688,0.022424778466467732,0.03018329661048327,-0.007758518144015538,0.08399999999999985,0.006999999999999895,0.07699999999999996,0.08399999999999985,0.03335714285714283,,,0.0,0,hold,0.0,,未定义级别,,0.0,0.0,0.0,,
2025-09-04,1.197,1.202,1.148,1.166,1154815521,False,True,1.148,up,True,False,7,7,0.06300000000000017,0.05487804878048796,,False,False,-1,0,0.0,0.0,False,-1,expand,1.211,1.181,1.1960000000000002,0,0.0,1.2513215314804234,1.2386016284608046,0.012719903019618783,0.026690617892310375,-0.013970714872691591,0.05400000000000005,0.0,0.05400000000000005,0.05400000000000005,0.035714285714285685,,,0.0,0,hold,0.0,,未定义级别,,0.0,0.0,0.0,,
2025-09-05,1.166,1.188,1.159,1.184,873182030,False,False,1.195,up,False,False,7,7,0.06300000000000017,0.05487804878048796,,False,False,-1,0,0.0,0.0,False,-1,expand,1.211,1.181,1.1960000000000002,0,0.0,1.2409643727911275,1.234557063389634,0.006407309401493588,0.022633956194147018,-0.01622664679265343,0.028999999999999915,0.02200000000000002,0.006999999999999895,0.028999999999999915,0.035714285714285685,,,0.0,0,hold,0.0,,未定义级别,,0.0,0.0,0.0,,
2025-09-08,1.188,1.195,1.173,1.193,563916030,True,False,1.195,up,False,False,7,7,0.06300000000000017,0.05487804878048796,,False,False,-1,0,0.0,0.0,False,-1,expand,1.211,1.181,1.1960000000000002,0,0.0,1.2335852385155694,1.2314787623978092,0.0021064761177602698,0.01852846017886967,-0.0164219840611094,0.02200000000000002,0.01100000000000012,0.010999999999999899,0.02200000000000002,0.03535714285714283,,,0.0,0,hold,0.0,,未定义级别,,0.0,0.0,0.0,,
2025-09-09,1.19,1.19,1.166,1.168,472733079,False,False,1.211,up,False,False,7,7,0.06300000000000017,0.05487804878048796,,False,False,-1,0,0.0,0.0,False,-1,expand,1.211,1.181,1.1960000000000002,0,0.0,1.2234952018208662,1.2267766318498232,-0.0032814300289569776,0.01416648213730434,-0.01744791216626132,0.02400000000000002,0.0030000000000001137,0.027000000000000135,0.027000000000000135,0.035642857142857136,,,0.0,0,hold,0.0,,未定义级别,,0.0,0.0,0.0,,
2025-09-10,1.167,1.186,1.166,1.178,469224736,False,False,1.211,up,False,False,7,7,0.06300000000000017,0.05487804878048796,,False,False,-1,0,0.0,0.0,False,-1,expand,1.211,1.181,1.1960000000000002,0,0.0,1.2164959400022715,1.2231635480090954,-0.006667608006823977,0.009999664108478678,-0.016667272115302653,0.020000000000000018,0.018000000000000016,0.0020000000000000018,0.020000000000000018,0.03571428571428571,,,0.0,0,hold,0.0,,未定义级别,,0.0,0.0,0.0,,
2025-09-11,1.177,1.205,1.172,1.203,681092700,False,False,1.211,up,False,False,7,7,0.06300000000000017,0.05487804878048796,,False,False,-1,0,0.0,0.0,False,-1,expand,1.211,1.181,1.1960000000000002,0,0.0,1.2144196415403836,1.2216699518602736,-0.007250310319889985,0.006549669222804946,-0.013799979542694931,0.03300000000000014,0.027000000000000135,0.006000000000000005,0.03300000000000014,0.035357142857142865,,,0.0,0,hold,0.0,,未定义级别,,0.0,0.0,0.0,,
2025-09-12,1.203,1.211,1.197,1.2,572909006,True,False,1.211,down,True,True,8,8,-0.04100000000000015,0.03385631709331143,,False,False,-1,0,0.0,0.0,True,0,expand,1.211,1.181,1.1960000000000002,45,0.32608695652173914,1.2122012351495555,1.220064770240994,-0.007863535091438445,0.0036670283599562676,-0.011530563451394712,0.014000000000000012,0.008000000000000007,0.006000000000000005,0.014000000000000012,0.034357142857142864,,,0.0,0,hold,0.0,,未定义级别,,0.0,0.0,0.0,,
2025-09-15,1.2,1.2,1.187,1.191,467506640,False,False,1.17,down,False,False,8,8,-0.04100000000000015,0.03385631709331143,,False,False,-1,0,0.0,0.0,True,0,expand,1.211,1.181,1.1960000000000002,45,0.32608695652173914,1.2089395066650086,1.2179118242972167,-0.008972317632208071,0.0011391591615234,-0.01011147679373147,0.0129999999999999,0.0,0.0129999999999999,0.0129999999999999,0.03428571428571429,,,0.0,0,hold,0.0,,未定义级别,,0.0,0.0,0.0,,
2025-09-16,1.189,1.19,1.17,1.185,588305138,False,True,1.17,down,False,False,8,8,-0.04100000000000015,0.03385631709331143,,False,False,-1,0,0.0,0.0,True,0,expand,1.211,1.181,1.1960000000000002,45,0.32608695652173914,1.2052565056396227,1.2154739113863118,-0.010217405746689057,-0.0011321538201190915,-0.009085251926569966,0.020000000000000018,0.001000000000000112,0.02100000000000013,0.02100000000000013,0.03328571428571429,bull,macd,0.611962969226763,4,buy,0.6,"fractal,divergence,central_bank",一买,['MACD底背驰'],0.5,0.4,0.0,1.175095,central_bank
2025-09-17,1.184,1.192,1.177,1.19,465149745,False,False,1.172,down,False,False,8,8,-0.04100000000000015,0.03385631709331143,,False,False,-1,0,0.0,0.0,True,0,expand,1.211,1.181,1.1960000000000002,45,0.32608695652173914,1.2029093509258346,1.2135869549873257,-0.010677604061491097,-0.003041243868393493,-0.007636360193097604,0.014999999999999902,0.006999999999999895,0.008000000000000007,0.014999999999999902,0.030999999999999996,,,0.0,0,hold,0.0,,未定义级别,,0.0,0.0,0.0,,
2025-09-18,1.189,1.211,1.172,1.184,971487109,False,True,1.172,down,False,False,8,8,-0.04100000000000015,0.03385631709331143,,False,False,-1,0,0.0,0.0,True,0,expand,1.211,1.181,1.1960000000000002,45,0.32608695652173914,1.2000002200141677,1.211395328691968,-0.011395108677800359,-0.004712016830274866,-0.006683091847525493,0.039000000000000146,0.02100000000000013,0.018000000000000016,0.039000000000000146,0.032142857142857154,bull,macd,0.46270375024316107,5,buy,0.6,"fractal,divergence,central_bank",一买,['MACD底背驰'],0.5,0.4,0.0,1.175095,central_bank
2025-09-19,1.182,1.208,1.181,1.195,794850263,False,False,1.17,down,False,False,8,8,-0.04100000000000015,0.03385631709331143,,False,False,-1,0,0.0,0.0,True,0,expand,1.211,1.181,1.1960000000000002,45,0.32608695652173914,1.1992309553966034,1.2101808598999704,-0.01094990450336697,-0.005959594364893287,-0.004990310138473683,0.026999999999999913,0.02400000000000002,0.0029999999999998916,0.026999999999999913,0.032000000000000015,,,0.0,0,hold,0.0,,未定义级别,,0.0,0.0,0.0,,
2025-09-22,1.193,1.202,1.185,1.201,482930470,False,False,1.17,down,False,False,8,8,-0.04100000000000015,0.03385631709331143,,False,False,-1,0,0.0,0.0,True,0,expand,1.211,1.181,1.1960000000000002,45,0.32608695652173914,1.1995031161048182,1.2095007962036761,-0.00999768009885793,-0.006767211511686216,-0.0032304685871717143,0.016999999999999904,0.006999999999999895,0.010000000000000009,0.016999999999999904,0.029642857142857144,,,0.0,0,hold,0.0,,未定义级别,,0.0,0.0,0.0,,
2025-09-23,1.205,1.21,1.17,1.192,632524729,False,True,1.17,down,False,True,8,8,-0.04100000000000015,0.03385631709331143,,False,False,-1,0,0.0,0.0,True,0,expand,1.211,1.181,1.1960000000000002,45,0.32608695652173914,1.1983487905502308,1.2082044409293298,-0.009855650379098968,-0.007384899285168767,-0.0024707510939302006,0.040000000000000036,0.008999999999999897,0.03100000000000014,0.040000000000000036,0.026500000000000017,bull,macd,1.0,6,buy,0.6,"fractal,divergence,central_bank",一买,['MACD底背驰'],0.6,1.0,0.0,1.175095,central_bank
2025-09-24,1.183,1.205,1.178,1.203,523817369,False,False,1.214,down,False,False,-1,0,0.0,0.0,,False,False,-1,0,0.0,0.0,True,0,expand,1.211,1.181,1.1960000000000002,45,0.32608695652173914,1.1990643612348106,1.2078189267864166,-0.00875456555160592,-0.007658832538456199,-0.0010957330131497207,0.027000000000000135,0.013000000000000123,0.014000000000000012,0.027000000000000135,0.024571428571428595,,,0.0,0,hold,0.0,,未定义级别,,0.0,0.0,0.0,,
2025-09-25,1.201,1.206,1.192,1.2,537905781,False,False,1.214,down,False,False,-1,0,0.0,0.0,,False,False,-1,0,0.0,0.0,True,0,expand,1.211,1.181,1.1960000000000002,45,0.32608695652173914,1.1992083056602243,1.2072397470244598,-0.008031441364235503,-0.00773335430361206,-0.00029808706062344273,0.014000000000000012,0.0029999999999998916,0.01100000000000012,0.014000000000000012,0.023500000000000028,,,0.0,0,hold,0.0,,未定义级别,,0.0,0.0,0.0,,
2025-09-26,1.195,1.214,1.189,1.196,699088513,True,False,1.214,down,True,False,9,6,-0.014999999999999902,0.012355848434925785,,False,False,-1,0,0.0,0.0,True,1,expand,1.242,1.181,1.2115,35,0.6630434782608684,1.1987147201740358,1.2064071731707962,-0.007692452996760357,-0.00772517404224172,3.272104548136291e-05,0.02499999999999991,0.014000000000000012,0.010999999999999899,0.02499999999999991,0.023714285714285736,,,0.0,0,hold,0.0,,未定义级别,,0.0,0.0,0.0,,
2025-09-29,1.193,1.207,1.181,1.2,642998371,False,True,1.181,down,False,False,9,6,-0.014999999999999902,0.012355848434925785,,False,False,-1,0,0.0,0.0,True,1,expand,1.242,1.181,1.2115,35,0.6630434782608684,1.1989124555318764,1.205932567750737,-0.007020112218860675,-0.007584161677565511,0.0005640494587048368,0.026000000000000023,0.01100000000000012,0.014999999999999902,0.026000000000000023,0.023642857142857156,bull,macd,1.0,7,buy,0.64,"fractal,divergence,central_bank",一买,['MACD底背驰'],0.8,1.0,0.0,1.175095,central_bank
2025-09-30,1.203,1.236,1.202,1.234,850540532,False,False,1.199,down,False,False,9,6,-0.014999999999999902,0.012355848434925785,,False,False,-1,0,0.0,0.0,True,1,expand,1.242,1.181,1.2115,35,0.6630434782608684,1.204310539296203,1.2080116368062381,-0.0037010975100351118,-0.006807548844059432,0.00310645133402432,0.03400000000000003,0.03600000000000003,0.0020000000000000018,0.03600000000000003,0.0247857142857143,,,0.0,0,hold,0.0,,未定义级别,,0.0,0.0,0.0,,
2025-10-09,1.234,1.25,1.224,1.248,1001009840,False,False,1.199,down,False,False,9,6,-0.014999999999999902,0.012355848434925785,,False,False,-1,0,0.0,0.0,True,1,expand,1.242,1.181,1.2115,35,0.6630434782608684,1.2110319947890948,1.2109737377835539,5.825700554096258e-05,-0.0054343876741393534,0.005492644679680316,0.026000000000000023,0.016000000000000014,0.010000000000000009,0.026000000000000023,0.024285714285714292,,,0.0,0,hold,0.0,,未定义级别,,0.0,0.0,0.0,,
2025-10-10,1.246,1.25,1.23,1.233,587458759,False,False,1.199,down,False,False,9,6,-0.014999999999999902,0.012355848434925785,,False,False,-1,0,0.0,0.0,True,1,expand,1.242,1.181,1.2115,35,0.6630434782608684,1.214411687898465,1.2126053127625498,0.0018063751359151947,-0.003986235112128444,0.005792610248043639,0.020000000000000018,0.0020000000000000018,0.018000000000000016,0.020000000000000018,0.02471428571428572,,,0.0,0,hold,0.0,,未定义级别,,0.0,0.0,0.0,,
2025-10-13,1.201,1.25,1.199,1.249,676825126,False,True,1.199,down,False,True,9,6,-0.014999999999999902,0.012355848434925785,,False,False,-1,0,0.0,0.0,True,1,expand,1.242,1.181,1.2115,35,0.6630434782608684,1.2197329666833165,1.2153012155208793,0.004431751162437214,-0.0023026378572153124,0.0067343890196525265,0.050999999999999934,0.016999999999999904,0.03400000000000003,0.050999999999999934,0.027428571428571438,,,0.0,0,hold,0.0,,未定义级别,,0.0,0.0,0.0,,
2025-10-14,1.252,1.264,1.226,1.233,862241504,True,False,1.264,up,False,False,-1,0,0.0,0.0,,False,False,-1,0,0.0,0.0,True,1,expand,1.242,1.181,1.2115,35,0.6630434782608684,1.221774048732037,1.2166122365934067,0.005161812138630317,-0.0008097478580461864,0.005971559996676504,0.038000000000000034,0.014999999999999902,0.02300000000000013,0.038000000000000034,0.028642857142857144,,,0.0,0,hold,0.0,,未定义级别,,0.0,0.0,0.0,,
2025-10-15,1.232,1.232,1.206,1.23,646985924,False,True,1.206,up,False,False,-1,0,0.0,0.0,,False,False,-1,0,0.0,0.0,True,1,expand,1.242,1.181,1.2115,35,0.6630434782608684,1.2230395796963391,1.2176039227716728,0.005435656924666299,0.0004393330984963107,0.004996323826169988,0.026000000000000023,0.001000000000000112,0.027000000000000135,0.027000000000000135,0.02950000000000002,,,0.0,0,hold,0.0,,未定义级别,,0.0,0.0,0.0,,
2025-10-16,1.23,1.236,1.214,1.218,439463217,True,False,1.236,up,False,False,-1,0,0.0,0.0,,False,False,-1,0,0.0,0.0,True,1,expand,1.242,1.181,1.2115,35,0.6630434782608684,1.2222642597430562,1.217633261825623,0.004630997917433266,0.0012776660622837019,0.003353331855149564,0.02200000000000002,0.006000000000000005,0.016000000000000014,0.02200000000000002,0.028285714285714296,,,0.0,0,hold,0.0,,未定义级别,,0.0,0.0,0.0,,
2025-10-17,1.214,1.222,1.173,1.177,711413941,False,False,1.172,up,False,False,-1,0,0.0,0.0,,False,False,-1,0,0.0,0.0,True,1,expand,1.242,1.181,1.2115,35,0.6630434782608684,1.2153005274748938,1.2146233905792805,0.0006771368956133283,0.001157560228949627,-0.00048042333333629867,0.04899999999999993,0.0040000000000000036,0.04499999999999993,0.04899999999999993,0.029857142857142867,,,0.0,0,hold,0.0,,未定义级别,,0.0,0.0,0.0,,
2025-10-20,1.184,1.195,1.172,1.18,361064919,False,True,1.172,up,False,False,-1,0,0.0,0.0,,False,False,-1,0,0.0,0.0,True,1,expand,1.242,1.181,1.2115,35,0.6630434782608684,1.209869677094141,1.2120586949808152,-0.0021890178866741383,0.000488244605824874,-0.002677262492499012,0.02300000000000013,0.018000000000000016,0.0050000000000001155,0.02300000000000013,0.03028571428571431,,,0.0,0,hold,0.0,,未定义级别,,0.0,0.0,0.0,,
2025-10-21,1.182,1.197,1.181,1.196,346154096,True,False,1.197,up,False,False,-1,0,0.0,0.0,,False,False,-1,0,0.0,0.0,True,1,expand,1.242,1.181,1.2115,35,0.6630434782608684,1.2077358806181193,1.2108691620192733,-0.0031332814011539867,-0.00023606059557089822,-0.0028972208055830883,0.016000000000000014,0.017000000000000126,0.001000000000000112,0.017000000000000126,0.028642857142857175,,,0.0,0,hold,0.0,,未定义级别,,0.0,0.0,0.0,,
2025-10-22,1.193,1.193,1.18,1.182,310632104,False,False,1.158,up,False,False,-1,0,0.0,0.0,,False,False,-1,0,0.0,0.0,True,1,expand,1.242,1.181,1.2115,35,0.6630434782608684,1.2037765143691779,1.2087307055734013,-0.004954191204223468,-0.0011796867173014124,-0.0037745044869220558,0.013000000000000123,0.0029999999999998916,0.016000000000000014,0.016000000000000014,0.027857142857142882,,,0.0,0,hold,0.0,,未定义级别,,0.0,0.0,0.0,,
2025-10-23,1.178,1.179,1.158,1.178,413288354,False,True,1.158,up,True,False,10,5,0.08800000000000008,0.07599309153713306,,False,False,-1,0,0.0,0.0,True,1,expand,1.242,1.181,1.2115,35,0.6630434782608684,1.1998108967739198,1.2064543570124084,-0.006643460238488608,-0.0022724414215388516,-0.004371018816949756,0.02100000000000013,0.0029999999999998916,0.02400000000000002,0.02400000000000002,0.0285714285714286,,,0.0,0,hold,0.0,,未定义级别,,0.0,0.0,0.0,,
2025-10-24,1.185,1.21,1.185,1.208,642242288,False,False,1.246,up,False,False,10,5,0.08800000000000008,0.07599309153713306,,False,False,-1,0,0.0,0.0,True,1,expand,1.242,1.181,1.2115,35,0.6630434782608684,1.2010707588087013,1.2065688490855635,-0.005498090276862211,-0.0029175711926035233,-0.0025805190842586876,0.02499999999999991,0.03200000000000003,0.007000000000000117,0.03200000000000003,0.029071428571428606,,,0.0,0,hold,0.0,,未定义级别,,0.0,0.0,0.0,,
2025-10-27,1.212,1.223,1.212,1.222,561287492,False,False,1.246,up,False,False,10,5,0.08800000000000008,0.07599309153713306,,False,False,-1,0,0.0,0.0,True,1,expand,1.242,1.181,1.2115,35,0.6630434782608684,1.204290642068901,1.2077118973014476,-0.0034212552325465495,-0.0030183080005921287,-0.0004029472319544208,0.01100000000000012,0.015000000000000124,0.0040000000000000036,0.015000000000000124,0.028285714285714327,,,0.0,0,hold,0.0,,未定义级别,,0.0,0.0,0.0,,
2025-10-28,1.223,1.242,1.215,1.236,810091973,False,False,1.246,up,False,False,10,5,0.08800000000000008,0.07599309153713306,,False,False,-1,0,0.0,0.0,True,1,expand,1.242,1.181,1.2115,35,0.6630434782608684,1.2091690048275316,1.2098073123161552,-0.0006383074886235907,-0.002542307898198421,0.0019040004095748305,0.026999999999999913,0.020000000000000018,0.006999999999999895,0.026999999999999913,0.027642857142857174,,,0.0,0,hold,0.0,,未定义级别,,0.0,0.0,0.0,,
2025-10-29,1.236,1.246,1.23,1.243,650750676,True,False,1.246,down,True,True,11,6,-0.06600000000000006,0.052969502407704705,,False,False,-1,0,0.0,0.0,True,1,expand,1.242,1.181,1.2115,35,0.6630434782608684,1.2143737733156037,1.2122660299223658,0.0021077433932379375,-0.0016122976399111494,0.003720041033149087,0.016000000000000014,0.010000000000000009,0.006000000000000005,0.016000000000000014,0.02692857142857146,,,0.0,0,hold,0.0,,未定义级别,,0.0,0.0,0.0,,
2025-10-30,1.235,1.237,1.218,1.219,569958176,False,False,1.18,down,False,False,11,6,-0.06600000000000006,0.052969502407704705,,False,False,-1,0,0.0,0.0,True,1,expand,1.242,1.181,1.2115,35,0.6630434782608684,1.2150855004978187,1.2127648425207092,0.0023206579771095637,-0.0008257065165070069,0.003146364493616571,0.019000000000000128,0.006000000000000005,0.025000000000000133,0.025000000000000133,0.027285714285714326,,,0.0,0,hold,0.0,,未定义级别,,0.0,0.0,0.0,,
2025-10-31,1.217,1.221,1.202,1.204,461468549,False,False,1.18,down,False,False,11,6,-0.06600000000000006,0.052969502407704705,,False,False,-1,0,0.0,0.0,True,1,expand,1.242,1.181,1.2115,35,0.6630434782608684,1.2133800388827698,1.2121155949265827,0.001264443956187078,-0.00040767642196819004,0.001672120378155268,0.019000000000000128,0.0020000000000000018,0.017000000000000126,0.019000000000000128,0.025000000000000053,,,0.0,0,hold,0.0,,未定义级别,,0.0,0.0,0.0,,
2025-11-03,1.204,1.212,1.188,1.212,377261324,False,False,1.18,down,False,False,11,6,-0.06600000000000006,0.052969502407704705,,False,False,-1,0,0.0,0.0,True,1,expand,1.242,1.181,1.2115,35,0.6630434782608684,1.2131677252084976,1.2121070323394285,0.0010606928690690687,-0.00011400256376073833,0.001174695432829807,0.02400000000000002,0.008000000000000007,0.016000000000000014,0.02400000000000002,0.024000000000000053,,,0.0,0,hold,0.0,,未定义级别,,0.0,0.0,0.0,,
2025-11-04,1.209,1.21,1.188,1.195,370748023,False,False,1.18,down,False,False,11,6,-0.06600000000000006,0.052969502407704705,,False,False,-1,0,0.0,0.0,True,1,expand,1.242,1.181,1.2115,35,0.6630434782608684,1.2103726905610364,1.21083984475873,-0.0004671541976937199,-0.00018463289054733466,-0.00028252130714638524,0.02200000000000002,0.0020000000000000018,0.02400000000000002,0.02400000000000002,0.02378571428571433,,,0.0,0,hold,0.0,,未定义级别,,0.0,0.0,0.0,,
2025-11-05,1.182,1.196,1.18,1.193,236724816,False,True,1.18,down,False,True,11,6,-0.06600000000000006,0.052969502407704705,,False,False,-1,0,0.0,0.0,True,1,expand,1.242,1.181,1.2115,35,0.6630434782608684,1.2076999689362615,1.209518374776602,-0.0018184058403405423,-0.0005113874805059762,-0.001307018359834566,0.016000000000000014,0.0009999999999998899,0.015000000000000124,0.016000000000000014,0.023357142857142903,bull,macd,1.0,8,buy,0.6,"fractal,divergence,central_bank",一买,['MACD底背驰'],0.5,1.0,0.0,1.175095,central_bank
2025-11-06,1.193,1.207,1.191,1.203,275960100,True,False,1.207,down,True,False,12,5,-0.052000000000000046,0.043082021541010804,,False,False,-1,0,0.0,0.0,True,1,expand,1.242,1.181,1.2115,35,0.6630434782608684,1.2069768967922214,1.2090355322005575,-0.0020586354083360625,-0.0008208370660719935,-0.001237798342264069,0.016000000000000014,0.014000000000000012,0.0020000000000000018,0.016000000000000014,0.02100000000000005,,,0.0,0,hold,0.0,,未定义级别,,0.0,0.0,0.0,,
2025-11-07,1.199,1.203,1.188,1.195,261256400,False,False,1.155,down,False,False,12,5,-0.052000000000000046,0.043082021541010804,,False,False,-1,0,0.0,0.0,True,1,expand,1.242,1.181,1.2115,35,0.6630434782608684,1.2051342972857257,1.2079958631486643,-0.002861565862938509,-0.0012289828254452967,-0.001632583037493212,0.015000000000000124,0.0,0.015000000000000124,0.015000000000000124,0.02042857142857148,,,0.0,0,hold,0.0,,未定义级别,,0.0,0.0,0.0,,
2025-11-10,1.196,1.202,1.182,1.193,278755400,False,False,1.155,down,False,False,12,5,-0.052000000000000046,0.043082021541010804,,False,False,-1,0,0.0,0.0,True,1,expand,1.242,1.181,1.2115,35,0.6630434782608684,1.203267482318691,1.2068850584709856,-0.0036175761522945216,-0.0017067014908151417,-0.0019108746614793799,0.020000000000000018,0.006999999999999895,0.013000000000000123,0.020000000000000018,0.020642857142857185,,,0.0,0,hold,0.0,,未定义级别,,0.0,0.0,0.0,,
2025-11-11,1.194,1.198,1.18,1.181,314102000,False,False,1.155,down,False,False,12,5,-0.052000000000000046,0.043082021541010804,,False,False,-1,0,0.0,0.0,True,1,expand,1.242,1.181,1.2115,35,0.6630434782608684,1.1998417158081232,1.204967646732394,-0.005125930924270827,-0.002390547377506279,-0.0027353835467645482,0.018000000000000016,0.004999999999999893,0.013000000000000123,0.018000000000000016,0.020785714285714327,,,0.0,0,hold,0.0,,未定义级别,,0.0,0.0,0.0,,
2025-11-12,1.178,1.179,1.155,1.17,755327817,False,True,1.155,down,False,True,12,5,-0.052000000000000046,0.043082021541010804,,False,False,-1,0,0.0,0.0,True,1,expand,1.242,1.181,1.2115,35,0.6630434782608684,1.1952506826068734,1.2023774506781426,-0.007126768071269218,-0.003337791516258867,-0.0037889765550103514,0.02400000000000002,0.0020000000000000018,0.026000000000000023,0.026000000000000023,0.02092857142857147,,,0.0,0,hold,0.0,,未定义级别,,0.0,0.0,0.0,,
2025-11-13,1.168,1.183,1.166,1.179,417948874,False,False,1.202,down,False,False,-1,0,0.0,0.0,,False,False,-1,0,0.0,0.0,True,1,expand,1.242,1.181,1.2115,35,0.6630434782608684,1.1927505775904315,1.2006457876649468,-0.007895210074515324,-0.004249275227910159,-0.0036459348466051653,0.017000000000000126,0.013000000000000123,0.0040000000000000036,0.017000000000000126,0.019857142857142907,,,0.0,0,hold,0.0,,未定义级别,,0.0,0.0,0.0,,
2025-11-14,1.176,1.187,1.171,1.174,305000677,False,False,1.202,down,False,False,-1,0,0.0,0.0,,False,False,-1,0,0.0,0.0,True,1,expand,1.242,1.181,1.2115,35,0.6630434782608684,1.1898658733457497,1.1986720256156915,-0.008806152269941858,-0.005160650636316499,-0.0036455016336253594,0.016000000000000014,0.008000000000000007,0.008000000000000007,0.016000000000000014,0.01992857142857147,,,0.0,0,hold,0.0,,未定义级别,,0.0,0.0,0.0,,
2025-11-17,1.199,1.202,1.183,1.188,788462677,True,False,1.202,down,True,False,13,5,-0.06600000000000006,0.054908485856905206,,False,False,-1,0,0.0,0.0,True,1,expand,1.242,1.181,1.2115,35,0.6630434782608684,1.1895788159079421,1.1978815051997145,-0.008302689291772358,-0.005789058367407671,-0.0025136309243646874,0.018999999999999906,0.028000000000000025,0.009000000000000119,0.028000000000000025,0.02000000000000005,,,0.0,0,hold,0.0,,未定义级别,,0.0,0.0,0.0,,
2025-11-18,1.186,1.186,1.167,1.172,432247700,False,False,1.136,down,False,False,13,5,-0.06600000000000006,0.054908485856905206,,False,False,-1,0,0.0,0.0,True,1,expand,1.242,1.181,1.2115,35,0.6630434782608684,1.1868743826913355,1.1959643566664024,-0.009089973975066945,-0.006449241488939526,-0.0026407324861274194,0.018999999999999906,0.0020000000000000018,0.020999999999999908,0.020999999999999908,0.0203571428571429,,,0.0,0,hold,0.0,,未定义级别,,0.0,0.0,0.0,,
2025-11-19,1.171,1.184,1.166,1.178,469832453,False,False,1.136,down,False,False,13,5,-0.06600000000000006,0.054908485856905206,,False,False,-1,0,0.0,0.0,True,1,expand,1.242,1.181,1.2115,35,0.6630434782608684,1.1855090930465146,1.1946336635800021,-0.009124570533487475,-0.0069843072978491155,-0.0021402632356383594,0.018000000000000016,0.01200000000000001,0.006000000000000005,0.018000000000000016,0.01985714285714289,,,0.0,0,hold,0.0,,未定义级别,,0.0,0.0,0.0,,
2025-11-20,1.175,1.177,1.165,1.165,331769700,False,False,1.136,down,False,False,13,5,-0.06600000000000006,0.054908485856905206,,False,False,-1,0,0.0,0.0,True,1,expand,1.242,1.181,1.2115,35,0.6630434782608684,1.1823538479624356,1.1924385773888908,-0.010084729426455219,-0.007604391723570338,-0.0024803377028848814,0.01200000000000001,0.0009999999999998899,0.0129999999999999,0.0129999999999999,0.019428571428571444,,,0.0,0,hold,0.0,,未定义级别,,0.0,0.0,0.0,,
2025-11-21,1.155,1.164,1.136,1.142,579138996,False,True,1.136,down,False,True,13,5,-0.06600000000000006,0.054908485856905206,,False,False,-1,0,0.0,0.0,True,1,expand,1.242,1.181,1.2115,35,0.6630434782608684,1.1761455636605223,1.1887023864711952,-0.01255682281067294,-0.008594877940990859,-0.003961944869682082,0.028000000000000025,0.001000000000000112,0.029000000000000137,0.029000000000000137,0.019785714285714313,,,0.0,0,hold,0.0,,未定义级别,,0.0,0.0,0.0,,
2025-11-24,1.145,1.19,1.145,1.188,996184508,False,False,1.136,down,False,False,-1,0,0.0,0.0,,False,False,-1,0,0.0,0.0,False,-1,expand,1.242,1.181,1.2115,0,0.0,1.177969323097365,1.1886503578436993,-0.010681034746334417,-0.00901210930205957,-0.001668925444274846,0.04499999999999993,0.04800000000000004,0.0030000000000001137,0.04800000000000004,0.021500000000000026,,,0.0,0,hold,0.0,,未定义级别,,0.0,0.0,0.0,,
2025-11-25,1.187,1.191,1.173,1.182,616427000,False,False,1.136,down,False,False,-1,0,0.0,0.0,,False,False,-1,0,0.0,0.0,False,-1,expand,1.242,1.181,1.2115,0,0.0,1.1785894272362318,1.1881577387441662,-0.009568311507934357,-0.009123349743234529,-0.0004449617646998284,0.018000000000000016,0.0030000000000001137,0.014999999999999902,0.018000000000000016,0.02164285714285717,,,0.0,0,hold,0.0,,未定义级别,,0.0,0.0,0.0,,
